{
  "$schema": "https://mintlify.com/docs.json",
  "theme": "maple",
  "name": "Mem0",
  "description": "Mem0 is a self-improving memory layer for LLM applications, enabling personalized AI experiences that save costs and delight users.",
  "colors": {
    "primary": "#6c60f0",
    "light": "#E6FFA2",
    "dark": "#a3df02"
  },
  "favicon": "/logo/favicon.png",
  "navigation": {
    "anchors": [
      {
        "anchor": "Documentation",
        "icon": "book-open",
        "tabs": [
          {
            "tab": "Documentation",
            "groups": [
              {
                "group": "Get Started",
                "icon": "rocket",
                "pages": [
                  "overview",
                  "quickstart",
                  "faqs"
                ]
              },
              {
                "group": "Core Concepts",
                "icon": "brain",
                "pages": [
                  "core-concepts/memory-types",
                  "core-concepts/memory-operations"
                ]
              },
              {
                "group": "Platform",
                "icon": "cogs",
                "pages": [
                  "platform/overview",
                  "platform/quickstart",
                  {
                    "group": "Features",
                    "icon": "star",
                    "pages": [
                      "features/platform-overview",
                      "features/advanced-retrieval",
                      "features/contextual-add",
                      "features/multimodal-support",
                      "features/selective-memory",
                      "features/custom-categories",
                      "features/custom-instructions",
                      "features/direct-import",
                      "features/async-client",
                      "features/memory-export",
                      "features/webhooks",
                      "features/graph-memory",
                      "features/feedback-mechanism"
                    ]
                  }
                ]
              },
              {
                "group": "Open Source",
                "icon": "code-branch",
                "pages": [
                  "open-source/quickstart",
                  "open-source/python-quickstart",
                  "open-source/node-quickstart",
                  {
                    "group": "Features",
                    "icon": "wrench",
                    "pages": [
                      "features/openai_compatibility",
                      "features/custom-fact-extraction-prompt",
                      "features/custom-update-memory-prompt",
                      "open-source/multimodal-support",
                      "open-source/features/rest-api"
                    ]
                  },
                  {
                    "group": "Graph Memory",
                    "icon": "spider-web",
                    "pages": [
                      "open-source/graph_memory/overview",
                      "open-source/graph_memory/features"
                    ]
                  },
                  {
                    "group": "LLMs",
                    "icon": "brain",
                    "pages": [
                      "components/llms/overview",
                      "components/llms/config",
                      {
                        "group": "Supported LLMs",
                        "icon": "list",
                        "pages": [
                          "components/llms/models/openai",
                          "components/llms/models/anthropic",
                          "components/llms/models/azure_openai",
                          "components/llms/models/ollama",
                          "components/llms/models/together",
                          "components/llms/models/groq",
                          "components/llms/models/litellm",
                          "components/llms/models/mistral_AI",
                          "components/llms/models/google_AI",
                          "components/llms/models/aws_bedrock",
                          "components/llms/models/gemini",
                          "components/llms/models/deepseek",
                          "components/llms/models/xAI"
                        ]
                      }
                    ]
                  },
                  {
                    "group": "Vector Databases",
                    "icon": "database",
                    "pages": [
                      "components/vectordbs/overview",
                      "components/vectordbs/config",
                      {
                        "group": "Supported Vector Databases",
                        "icon": "server",
                        "pages": [
                          "components/vectordbs/dbs/qdrant",
                          "components/vectordbs/dbs/chroma",
                          "components/vectordbs/dbs/pgvector",
                          "components/vectordbs/dbs/milvus",
                          "components/vectordbs/dbs/pinecone",
                          "components/vectordbs/dbs/azure_ai_search",
                          "components/vectordbs/dbs/redis",
                          "components/vectordbs/dbs/elasticsearch",
                          "components/vectordbs/dbs/opensearch",
                          "components/vectordbs/dbs/supabase",
                          "components/vectordbs/dbs/vertex_ai_vector_search",
                          "components/vectordbs/dbs/weaviate"
                        ]
                      }
                    ]
                  },
                  {
                    "group": "Embedding Models",
                    "icon": "layer-group",
                    "pages": [
                      "components/embedders/overview",
                      "components/embedders/config",
                      {
                        "group": "Supported Embedding Models",
                        "icon": "list",
                        "pages": [
                          "components/embedders/models/openai",
                          "components/embedders/models/azure_openai",
                          "components/embedders/models/ollama",
                          "components/embedders/models/huggingface",
                          "components/embedders/models/vertexai",
                          "components/embedders/models/gemini"
                        ]
                      }
                    ]
                  }
                ]
              },
              {
                "group": "Contribution",
                "icon": "handshake",
                "pages": [
                  "contributing/development",
                  "contributing/documentation"
                ]
              }
            ]
          },
          {
            "tab": "Examples",
            "groups": [
              {
                "group": "💡 Examples",
                "icon": "lightbulb",
                "pages": [
                  "examples/overview",
                  "examples/mem0-demo",
                  "examples/ai_companion_js",
                  "examples/mem0-with-ollama",
                  "examples/personal-ai-tutor",
                  "examples/customer-support-agent",
                  "examples/personal-travel-assistant",
                  "examples/llama-index-mem0",
                  "examples/chrome-extension",
                  "examples/document-writing",
                  "examples/multimodal-demo",
                  "examples/personalized-deep-research",
                  "examples/mem0-agentic-tool",
                  "examples/openai-inbuilt-tools"
                ]
              }
            ]
          },
          {
            "tab": "Integrations",
            "groups": [
              {
                "group": "Integrations",
                "icon": "plug",
                "pages": [
                  "integrations/overview",
                  "integrations/vercel-ai-sdk",
                  "integrations/crewai",
                  "integrations/autogen",
                  "integrations/langchain",
                  "integrations/langgraph",
                  "integrations/llama-index",
                  "integrations/langchain-tools",
                  "integrations/dify",
                  "integrations/mcp-server"
                ]
              }
            ]
          },
          {
            "tab": "API Reference",
            "icon": "square-terminal",
            "groups": [
              {
                "group": "API Reference",
                "icon": "terminal",
                "pages": [
                  "api-reference/overview",
                  {
                    "group": "Memory APIs",
                    "icon": "microchip",
                    "pages": [
                      "api-reference/memory/add-memories",
                      "api-reference/memory/v2-search-memories",
                      "api-reference/memory/v1-search-memories",
                      "api-reference/memory/v2-get-memories",
                      "api-reference/memory/v1-get-memories",
                      "api-reference/memory/history-memory",
                      "api-reference/memory/get-memory",
                      "api-reference/memory/update-memory",
                      "api-reference/memory/batch-update",
                      "api-reference/memory/delete-memory",
                      "api-reference/memory/batch-delete",
                      "api-reference/memory/delete-memories",
                      "api-reference/memory/create-memory-export",
                      "api-reference/memory/get-memory-export"
                    ]
                  },
                  {
                    "group": "Entities APIs",
                    "icon": "users",
                    "pages": [
                      "api-reference/entities/get-users",
                      "api-reference/entities/delete-user"
                    ]
                  },
                  {
                    "group": "Organizations APIs",
                    "icon": "building",
                    "pages": [
                      "api-reference/organization/create-org",
                      "api-reference/organization/get-orgs",
                      "api-reference/organization/get-org",
                      "api-reference/organization/get-org-members",
                      "api-reference/organization/add-org-member",
                      "api-reference/organization/delete-org"
                    ]
                  },
                  {
                    "group": "Webhook APIs",
                    "icon": "webhook",
                    "pages": [
                      "api-reference/webhook/create-webhook",
                      "api-reference/webhook/get-webhook",
                      "api-reference/webhook/update-webhook",
                      "api-reference/webhook/delete-webhook"
                    ]
                  }
                ]
              }
            ]
          }
        ]
      },
      {
        "anchor": "Your Dashboard",
        "href": "https://app.mem0.ai",
        "icon": "chart-simple"
      },
      {
        "anchor": "Demo",
        "href": "https://mem0.dev/demo",
        "icon": "play"
      },
      {
        "anchor": "Discord",
        "href": "https://mem0.dev/DiD",
        "icon": "discord"
      },
      {
        "anchor": "GitHub",
        "href": "https://github.com/mem0ai/mem0",
        "icon": "github"
      },
      {
        "anchor": "Support",
        "href": "mailto:founders@mem0.ai",
        "icon": "envelope"
      }
    ]
  },
  "logo": {
    "light": "/logo/light.svg",
    "dark": "/logo/dark.svg",
    "href": "https://github.com/mem0ai/mem0"
  },
  "background": {
    "color": {
      "light": "#fff",
      "dark": "#0f1117"
    }
  },
  "navbar": {
    "primary": {
      "type": "button",
      "label": "Your Dashboard",
      "href": "https://app.mem0.ai"
    }
  },
  "footer": {
    "socials": {
      "discord": "https://mem0.dev/DiD",
      "x": "https://x.com/mem0ai",
      "github": "https://github.com/mem0ai",
      "linkedin": "https://www.linkedin.com/company/mem0/"
    }
  },
  "integrations": {
    "posthog": {
      "apiKey": "phc_hgJkUVJFYtmaJqrvf6CYN67TIQ8yhXAkWzUn9AMU4yX",
      "apiHost": "https://mango.mem0.ai"
    },
    "intercom": {
      "appId": "jjv2r0tt"
    }
  }
}